,Lot Frontage,Garage Yr Blt,Mas Vnr Area
count,2440.0,2771.0,2907.0
mean,69.22459016393442,1978.1324431613136,101.8968008255934
std,23.36533497450349,25.52841125092426,179.11261057727816
min,21.0,1895.0,0.0
25%,58.0,1960.0,0.0
50%,68.0,1979.0,0.0
75%,80.0,2002.0,164.0
max,313.0,2207.0,1600.0
