,Lot Frontage,Garage Yr Blt,Mas Vnr Area
count,2930.0,2930.0,2930.0
mean,69.019795221843,1979.590443686007,101.09692832764505
std,21.3264218515871,25.56134236359462,178.63454482575858
min,21.0,1895.0,0.0
25%,60.0,1962.0,0.0
50%,68.0,1983.5,0.0
75%,78.0,2003.0,162.75
max,313.0,2207.0,1600.0
